model,mae,rmse,mape,smape,r2
drift,13.646743589743592,17.113338768216316,9.147068696544357,9.809876844648118,-1.2189519242965106
