model,mae,rmse,mape,smape,r2
moving_average,12.133333333333347,15.030785021659621,8.183461502640114,8.654524547784122,-0.7117554706541853
