model,mae,rmse,mape,smape,r2
naive,13.699333333333337,17.17573637431595,9.182236809347451,9.850489519326375,-1.2351626365649384
