model,mae,rmse,mape,smape,r2
seasonal_naive,18.862000000000002,22.119055585625713,12.90858796446564,14.044218684057604,-2.7069058684161447
